dataset,measure,scope,n,nonzero_pct,total,mean,sd,max,p50,p75,p90,p95,p99,p99.9
pro_vaccine,facebook_engagement,all,5847,0.0,0.0,0.0,0.0,0.0,0.0,0.0,0.0,0.0,0.0,0.0
pro_vaccine,facebook_engagement,nonzero,0,0.0,0.0,0.0,0.0,0.0,0.0,0.0,0.0,0.0,0.0,0.0
pro_vaccine,pinterest_engagement,all,5847,0.0,0.0,0.0,0.0,0.0,0.0,0.0,0.0,0.0,0.0,0.0
pro_vaccine,pinterest_engagement,nonzero,0,0.0,0.0,0.0,0.0,0.0,0.0,0.0,0.0,0.0,0.0,0.0
pro_vaccine,youtube_engagement,all,5847,0.0,0.0,0.0,0.0,0.0,0.0,0.0,0.0,0.0,0.0,0.0
pro_vaccine,youtube_engagement,nonzero,0,0.0,0.0,0.0,0.0,0.0,0.0,0.0,0.0,0.0,0.0,0.0
pro_vaccine,instagram_engagement,all,5847,0.257,110.0,0.0188130665298443,0.6555025862302291,36.0,0.0,0.0,0.0,0.0,0.0,4.0
pro_vaccine,instagram_engagement,nonzero,15,0.257,110.0,7.333333333333333,11.043205193800436,36.0,4.0,4.0,22.79999999999999,33.2,35.44,35.944
pro_vaccine,x_engagement,all,5847,20.455,12518638.4,2141.0361552933127,24069.88518832749,1000635.1,0.0,0.0,525.0000000000011,4478.28999999999,42876.97799999997,244347.8874000115
pro_vaccine,x_engagement,nonzero,1196,20.455,12518638.4,10467.088963210705,52412.14246578461,1000635.1,447.2000000000001,4281.950000000001,18878.45,42250.2,164470.46,858403.4040000185
pro_vaccine,linkedin_engagement,all,5847,0.0,0.0,0.0,0.0,0.0,0.0,0.0,0.0,0.0,0.0,0.0
pro_vaccine,linkedin_engagement,nonzero,0,0.0,0.0,0.0,0.0,0.0,0.0,0.0,0.0,0.0,0.0,0.0
pro_vaccine,content_engagement,all,5847,20.711,12518748.4,2141.054968359843,24069.883523529144,1000635.1,0.0,0.0,525.0000000000011,4478.28999999999,42876.97799999997,244347.8874000115
pro_vaccine,content_engagement,nonzero,1211,20.711,12518748.400000002,10337.529644921557,52099.11740561991,1000635.1,395.3,4190.35,18778.3,42080.65,163701.61000000068,854058.3120000554
pro_vaccine,source_engagement,all,5847,17.565,77652.0,13.280656747049768,208.68439473668408,8439.0,0.0,0.0,5.0,21.0,111.0,3039.9560000000965
pro_vaccine,source_engagement,nonzero,1027,17.565,77652.0,75.61051606621227,493.37565825870365,8439.0,7.0,25.0,62.39999999999998,150.69999999999993,1305.440000000002,8266.306000000515
anti_vaccine,facebook_engagement,all,22506,0.0,0.0,0.0,0.0,0.0,0.0,0.0,0.0,0.0,0.0,0.0
anti_vaccine,facebook_engagement,nonzero,0,0.0,0.0,0.0,0.0,0.0,0.0,0.0,0.0,0.0,0.0,0.0
anti_vaccine,pinterest_engagement,all,22506,0.0,0.0,0.0,0.0,0.0,0.0,0.0,0.0,0.0,0.0,0.0
anti_vaccine,pinterest_engagement,nonzero,0,0.0,0.0,0.0,0.0,0.0,0.0,0.0,0.0,0.0,0.0,0.0
anti_vaccine,youtube_engagement,all,22506,0.0,0.0,0.0,0.0,0.0,0.0,0.0,0.0,0.0,0.0,0.0
anti_vaccine,youtube_engagement,nonzero,0,0.0,0.0,0.0,0.0,0.0,0.0,0.0,0.0,0.0,0.0,0.0
anti_vaccine,instagram_engagement,all,22506,0.076,3126.0,0.1388962943215142,8.809675888192926,841.0,0.0,0.0,0.0,0.0,0.0,0.0
anti_vaccine,instagram_engagement,nonzero,17,0.076,3126.0,183.8823529411765,270.6750548057904,841.0,38.0,237.0,636.6,756.1999999999999,824.04,839.3040000000002
anti_vaccine,x_engagement,all,22506,33.986,52287274.900000006,2323.2593486181468,39960.93719629765,3376744.0,0.0,9.675,1292.5500000000002,4536.225,34095.89000000007,284973.74500000075
anti_vaccine,x_engagement,nonzero,7649,33.986,52287274.900000006,6835.831468165774,68323.61652854961,3376744.0,179.5,1808.8,7985.039999999998,18332.51999999995,89585.69999999974,933576.4752000016
anti_vaccine,linkedin_engagement,all,22506,0.0,0.0,0.0,0.0,0.0,0.0,0.0,0.0,0.0,0.0,0.0
anti_vaccine,linkedin_engagement,nonzero,0,0.0,0.0,0.0,0.0,0.0,0.0,0.0,0.0,0.0,0.0,0.0
anti_vaccine,content_engagement,all,22506,34.062,52290400.900000006,2323.3982449124683,39960.93009182756,3376744.0,0.0,9.9,1292.5500000000002,4536.225,34095.89000000007,284973.74500000075
anti_vaccine,content_engagement,nonzero,7666,34.062,52290400.900000006,6821.080211322725,68248.52640489806,3376744.0,178.70000000000002,1806.625,7944.200000000001,18270.775,89487.10000000021,933543.621000002
anti_vaccine,source_engagement,all,22506,14.956,304600.0,13.534168666133477,500.0200308018017,64715.0,0.0,0.0,2.0,8.0,85.0,2090.325000000092
anti_vaccine,source_engagement,nonzero,3366,14.956,304600.0,90.4931669637552,1290.4102911736895,64715.0,3.0,13.0,51.0,128.0,1361.2499999999986,11255.43500000041
politicians,facebook_engagement,all,14169,0.0,0.0,0.0,0.0,0.0,0.0,0.0,0.0,0.0,0.0,0.0
politicians,facebook_engagement,nonzero,0,0.0,0.0,0.0,0.0,0.0,0.0,0.0,0.0,0.0,0.0,0.0
politicians,pinterest_engagement,all,14169,0.0,0.0,0.0,0.0,0.0,0.0,0.0,0.0,0.0,0.0,0.0
politicians,pinterest_engagement,nonzero,0,0.0,0.0,0.0,0.0,0.0,0.0,0.0,0.0,0.0,0.0,0.0
politicians,youtube_engagement,all,14169,0.0,0.0,0.0,0.0,0.0,0.0,0.0,0.0,0.0,0.0,0.0
politicians,youtube_engagement,nonzero,0,0.0,0.0,0.0,0.0,0.0,0.0,0.0,0.0,0.0,0.0,0.0
politicians,instagram_engagement,all,14169,0.12,31925.0,2.2531583033382736,234.3430686768817,27696.0,0.0,0.0,0.0,0.0,0.0,1.0
politicians,instagram_engagement,nonzero,17,0.12,31925.0,1877.9411764705883,6699.711257496366,27696.0,8.0,47.0,1734.2000000000007,8132.799999999983,23783.36,27304.736000000044
politicians,x_engagement,all,14169,34.632,47258208.7,3335.3242077775426,47943.218986495005,3376743.7,0.0,32.5,2378.160000000001,7900.039999999957,56527.732,487604.7456000114
politicians,x_engagement,nonzero,4907,34.632,47258208.7,9630.774138985123,81100.73425168014,3376743.7,412.3,3195.6000000000004,12851.480000000029,30256.67999999997,151111.73599999826,934516.9734000268
politicians,linkedin_engagement,all,14169,0.0,0.0,0.0,0.0,0.0,0.0,0.0,0.0,0.0,0.0,0.0
politicians,linkedin_engagement,nonzero,0,0.0,0.0,0.0,0.0,0.0,0.0,0.0,0.0,0.0,0.0,0.0
politicians,content_engagement,all,14169,34.752,47290133.7,3337.577366080881,47943.63495160898,3376743.7,0.0,32.8,2384.400000000002,7930.639999999955,56527.732,487604.7456000114
politicians,content_engagement,nonzero,4924,34.752,47290133.7,9604.00765637693,80962.76382125582,3376743.7,407.2000000000001,3189.7250000000004,12817.709999999992,30139.804999999968,150373.18799999793,934043.4197000064
politicians,source_engagement,all,14169,18.456,1697875.0,119.8302632507587,1756.897316184086,95997.0,0.0,0.0,6.0,46.0,1700.839999999982,30403.240000002574
politicians,source_engagement,nonzero,2615,18.456,1697875.0,649.282982791587,4047.974244361216,95997.0,8.0,59.0,510.19999999999663,1966.799999999996,19028.66000000019,48363.88800000351
journalists,facebook_engagement,all,38744,0.0,0.0,0.0,0.0,0.0,0.0,0.0,0.0,0.0,0.0,0.0
journalists,facebook_engagement,nonzero,0,0.0,0.0,0.0,0.0,0.0,0.0,0.0,0.0,0.0,0.0,0.0
journalists,pinterest_engagement,all,38744,0.0,0.0,0.0,0.0,0.0,0.0,0.0,0.0,0.0,0.0,0.0
journalists,pinterest_engagement,nonzero,0,0.0,0.0,0.0,0.0,0.0,0.0,0.0,0.0,0.0,0.0,0.0
journalists,youtube_engagement,all,38744,0.0,0.0,0.0,0.0,0.0,0.0,0.0,0.0,0.0,0.0,0.0
journalists,youtube_engagement,nonzero,0,0.0,0.0,0.0,0.0,0.0,0.0,0.0,0.0,0.0,0.0,0.0
journalists,instagram_engagement,all,38744,0.0,0.0,0.0,0.0,0.0,0.0,0.0,0.0,0.0,0.0,0.0
journalists,instagram_engagement,nonzero,0,0.0,0.0,0.0,0.0,0.0,0.0,0.0,0.0,0.0,0.0,0.0
journalists,x_engagement,all,38744,34.269,73689717.80000001,1901.964634524056,22644.445561097506,1082169.3,0.0,16.8,1176.4800000000016,4282.169999999988,32576.09999999996,240703.78180000125
journalists,x_engagement,nonzero,13277,34.269,73689717.80000001,5550.178338480079,38420.77627348777,1082169.3,178.3,1641.2,7669.819999999998,18318.219999999943,85486.2159999999,704583.7008000164
journalists,linkedin_engagement,all,38744,0.0,0.0,0.0,0.0,0.0,0.0,0.0,0.0,0.0,0.0,0.0
journalists,linkedin_engagement,nonzero,0,0.0,0.0,0.0,0.0,0.0,0.0,0.0,0.0,0.0,0.0,0.0
journalists,content_engagement,all,38744,34.269,73689717.80000001,1901.964634524056,22644.445561097506,1082169.3,0.0,16.8,1176.4800000000016,4282.169999999988,32576.09999999996,240703.78180000125
journalists,content_engagement,nonzero,13277,34.269,73689717.80000001,5550.178338480079,38420.77627348777,1082169.3,178.3,1641.2,7669.819999999998,18318.219999999943,85486.2159999999,704583.7008000164
journalists,source_engagement,all,38744,29.426,5191098.0,133.98456535205452,1627.2129511386186,123529.0,0.0,1.0,32.0,177.84999999999854,2543.0,19964.766000000192
journalists,source_engagement,nonzero,11401,29.426,5191098.0,455.3195333742654,2975.285420260092,123529.0,10.0,71.0,497.0,1505.0,10349.0,37090.60000000043
